Time_UTC,Azimuth_deg,Elevation_deg,Range_m,Doppler_Hz
2026-06-22 05:43:00,19.3280948107601,26.4646584286934,846177.647929802,518.260593447171
2026-06-22 05:43:01,19.8683505657127,26.5305954923885,844652.134517986,499.443988585772
2026-06-22 05:43:02,20.4111260110257,26.5942885557344,843183.188314714,480.526153394398
2026-06-22 05:43:03,20.9563425351311,26.6556991187151,841771.103492589,461.510270680939
2026-06-22 05:43:04,21.5039201488453,26.7147894584488,840416.169222327,442.399576664494
2026-06-22 05:43:05,22.0537764485303,26.7715228964902,839118.664737004,423.197399605789
2026-06-22 05:43:06,22.6058267051473,26.8258638527651,837878.859261045,403.907156201275
2026-06-22 05:43:07,23.1599838918392,26.8777779151646,836697.011571805,384.532350341767
2026-06-22 05:43:08,23.71615773659,26.9272321395447,835573.364414194,365.076609046116
2026-06-22 05:43:09,24.2742589186006,26.9741941392712,834508.165871551,345.543522473453
2026-06-22 05:43:10,24.8341929252738,27.0186335936911,833501.636767769,325.936877657659
2026-06-22 05:43:11,25.3958642959329,27.0605213389531,832553.991985111,306.260496922954
2026-06-22 05:43:12,25.9591756419272,27.0998296694873,831665.434721482,286.518275090746
2026-06-22 05:43:13,26.5240277682894,27.136532379525,830836.156514672,266.714174759932
2026-06-22 05:43:14,27.0903197489489,27.1706048205784,830066.336872418,246.852223444623
2026-06-22 05:43:15,27.6579480042119,27.2020242367748,829356.136767759,226.936549281451
2026-06-22 05:43:16,28.2268105076395,27.2307686552693,828705.723787936,206.971218538181
2026-06-22 05:43:17,28.7968007404298,27.2568186499921,828115.234171345,186.960469224403
2026-06-22 05:43:18,29.3678119143456,27.2801562369959,827584.797767281,166.908548182904
2026-06-22 05:43:19,29.9397360531456,27.3007651963442,827114.531608365,146.819746674682
2026-06-22 05:43:20,30.5124641156673,27.3186311046545,826704.539781359,126.69839580287
2026-06-22 05:43:21,31.085886126423,27.3337413596038,826354.913412547,106.548861627173
2026-06-22 05:43:22,31.6598912717208,27.3460852160249,826065.730337376,86.3755416796821
2026-06-22 05:43:23,32.2343671105041,27.3556541234561,825837.048152388,66.1828963540717
2026-06-22 05:43:24,32.8092035297177,27.3624404381823,825668.932543549,45.9752935971633
2026-06-22 05:43:25,33.3842870791359,27.3664394032597,825561.414484153,25.7572319891317
2026-06-22 05:43:26,33.9595049896749,27.3676478504671,825514.51865375,5.53318318811341
2026-06-22 05:43:27,34.5347443264353,27.3660645341293,825528.256293738,-14.6923744885291
2026-06-22 05:43:28,35.1098921392282,27.3616901289058,825602.625302104,-34.9149616307502
2026-06-22 05:43:29,35.684835561269,27.3545272404467,825737.609978267,-55.1301012762664
2026-06-22 05:43:30,36.2594610781032,27.3445807499472,825933.173433681,-75.3332891659663
2026-06-22 05:43:31,36.8336582903387,27.3318563564475,826189.289129899,-95.5201439033058
2026-06-22 05:43:32,37.4073145401726,27.3163627471337,826505.893452135,-115.686191658037
2026-06-22 05:43:33,37.9803187411598,27.2981101215878,826882.917493631,-135.827018828099
2026-06-22 05:43:34,38.5525605539229,27.2771105456019,827320.278994274,-155.93823873738
2026-06-22 05:43:35,39.1239305522268,27.253377911151,827817.882777334,-176.015497915245
2026-06-22 05:43:36,39.6943203084175,27.2269279246874,828375.620504905,-196.054479164274
2026-06-22 05:43:37,40.2636225351624,27.1977780665709,828993.371001222,-216.050906926728
2026-06-22 05:43:38,40.8317303639454,27.1659479559942,829670.991610232,-236.000517356502
2026-06-22 05:43:39,41.3985408338356,27.1314577183953,830408.353358635,-255.899200589771
2026-06-22 05:43:40,41.9639499107833,27.0943303367421,831205.288616809,-275.74279695306
2026-06-22 05:43:41,42.5278559900178,27.05459002113,832061.626076198,-295.527239641503
2026-06-22 05:43:42,43.0901591620845,27.0122625502204,832977.182427613,-315.248524540113
2026-06-22 05:43:43,43.650761301133,26.9673752276916,833951.762435411,-334.902713597045
2026-06-22 05:43:44,44.2095661485765,26.9199568327881,834985.159099937,-354.485938097959
2026-06-22 05:43:45,44.766478644261,26.8700379848577,836077.144534985,-373.994370451053
2026-06-22 05:43:46,45.3214081124286,26.8176493929407,837227.508016037,-393.424357060651
2026-06-22 05:43:47,45.8742636424488,26.7628243480955,838435.99935751,-412.772225480537
2026-06-22 05:43:48,46.4249573048344,26.7055969645106,839702.367038573,-432.034418428723
2026-06-22 05:43:49,46.9734034290498,26.6460025447659,841026.348976147,-451.207463642844
2026-06-22 05:43:50,47.5195186759996,26.5840775119507,842407.672927542,-470.287976906011
2026-06-22 05:43:51,48.06322205929,26.519859362954,843846.056398855,-489.272663026297
2026-06-22 05:43:52,48.604435043921,26.4533865804602,845341.207477012,-508.158320001343
2026-06-22 05:43:53,49.1430808408078,26.3846990462866,846892.814162042,-526.941808870679
2026-06-22 05:43:54,49.6790872870484,26.3138361580964,848500.586347965,-545.620177387684
2026-06-22 05:43:55,50.2123826365633,26.2408394690995,850164.194176854,-564.190479744231
2026-06-22 05:43:56,50.7428984167458,26.1657508279632,851883.309414333,-582.649899130212
2026-06-22 05:43:57,51.2705687501488,26.0886127562134,853657.595647706,-600.995718951603
2026-06-22 05:43:58,51.7953303503958,26.0094683989661,855486.708239618,-619.225322907999
2026-06-22 05:43:59,52.3171225638376,25.9283614388695,857370.295152563,-637.336197130759
2026-06-22 05:44:00,52.8358867247364,25.8453365144991,859307.985869507,-655.325902061222
2026-06-22 05:44:01,53.3515686709403,25.7604373082116,861299.435410907,-673.192183696401
2026-06-22 05:44:02,53.8641149790301,25.6737092397288,863344.259619764,-690.932808201841
2026-06-22 05:44:03,54.3734754645082,25.5851975770095,865442.078583388,-708.545672333529
2026-06-22 05:44:04,54.8796025497665,25.4949478297689,867592.506283472,-726.02877605468
2026-06-22 05:44:05,55.3824512392223,25.4030056942609,869795.150841675,-743.380221969012
2026-06-22 05:44:06,55.8819791042937,25.3094169978354,872049.614801403,-760.598215061235
2026-06-22 05:44:07,56.3781457182521,25.2142281013225,874355.484215522,-777.681037555392
2026-06-22 05:44:08,56.8709148135301,25.1174839943677,876712.374295746,-794.62714757804
2026-06-22 05:44:09,57.3602509415584,25.0192310375882,879119.861375346,-811.435027924844
2026-06-22 05:44:10,57.8461216747892,24.9195150335986,881577.529109616,-828.103286594128
2026-06-22 05:44:11,58.3284969894175,24.8183816652194,884084.956900398,-844.630629356432
2026-06-22 05:44:12,58.8073492423376,24.7158764367939,886641.720492891,-861.01585925949
2026-06-22 05:44:13,59.2826531190096,24.6120446359841,889247.392107678,-877.25787488509
2026-06-22 05:44:14,59.754385604453,24.5069312788821,891901.541037689,-893.355669597322
2026-06-22 05:44:15,60.2225254534035,24.400581556694,894603.721409969,-909.308307013892
2026-06-22 05:44:16,60.6870550179173,24.293038914911,897353.520759089,-925.115008513356
2026-06-22 05:44:17,61.147957396255,24.1843478142534,900150.488614763,-940.775018609674
2026-06-22 05:44:18,61.6052182440948,24.0745518439464,902994.184147514,-956.287691460427
2026-06-22 05:44:19,62.0588252649631,23.963694144165,905884.164802599,-971.652467335641
2026-06-22 05:44:20,62.5087681481742,23.8518173813886,908819.986394466,-986.868870354053
2026-06-22 05:44:21,62.9550385278439,23.7389637071633,911801.203684067,-1001.93650713828
2026-06-22 05:44:22,63.397629512527,23.6251752150862,914827.357617733,-1016.85504419666
2026-06-22 05:44:23,63.8365372311714,23.5104920487599,917898.025678819,-1031.62428541411
2026-06-22 05:44:24,64.2717583858118,23.3949551539206,921012.747743225,-1046.24405136919
2026-06-22 05:44:25,64.7032917856176,23.2786044192766,924171.075474503,-1060.71425600018
2026-06-22 05:44:26,65.1311378986684,23.1614791091519,927372.560466229,-1075.03488505573
2026-06-22 05:44:27,65.5552987906402,23.0436178490175,930616.754365002,-1089.2059937356
2026-06-22 05:44:28,65.9757780715155,22.9250586094659,933903.209074623,-1103.22770460168
2026-06-22 05:44:29,66.3925808340155,22.8058386894883,937231.477020864,-1117.10020527881
2026-06-22 05:44:30,66.8057132850478,22.6859951604565,940601.098364228,-1130.82372941137
2026-06-22 05:44:31,67.2151839662376,22.5655630429126,944011.652588747,-1144.39862235893
2026-06-22 05:44:32,67.6210017731484,22.4445780056219,947462.681976005,-1157.82523693621
2026-06-22 05:44:33,68.0231771816301,22.3230745653768,950953.742425995,-1171.10399898435
2026-06-22 05:44:34,68.4217218892396,22.2010865093623,954484.391522118,-1184.23538900477
2026-06-22 05:44:35,68.8166487440112,22.0786469082688,958054.18815442,-1197.21993916338
2026-06-22 05:44:36,69.2079717044929,21.9557880992718,961662.693044355,-1210.05823171244
2026-06-22 05:44:37,69.5957055213553,21.8325421340104,965309.455413024,-1222.75088166002
2026-06-22 05:44:38,69.9798667358707,21.7089390057144,968994.06597618,-1235.29859443146
2026-06-22 05:44:39,70.3604720524308,21.5850092954314,972716.078227639,-1247.70207414468
2026-06-22 05:44:40,70.737539344911,21.4607824151299,976475.06081605,-1259.96208132407
2026-06-22 05:44:41,71.1110873494298,21.3362870418747,980270.584823057,-1272.07941615908
2026-06-22 05:44:42,71.4811356114623,21.2115511263989,984102.223687876,-1284.05491624146
2026-06-22 05:44:43,71.8477044508546,21.0866018828652,987969.553732963,-1295.88945513152
2026-06-22 05:44:44,72.2108146964459,20.9614662477173,991872.139948858,-1307.58392667833
2026-06-22 05:44:45,72.5704884868059,20.8361691418255,995809.590887724,-1319.13929584952
2026-06-22 05:44:46,72.9267479709048,20.7107360617287,999781.477597077,-1330.55651851724
2026-06-22 05:44:47,73.2796161056992,20.5851913740871,1003787.38733387,-1341.83659175618
2026-06-22 05:44:48,73.6291164086506,20.4595587444257,1007826.9104558,-1352.98053921784
2026-06-22 05:44:49,73.9752729193122,20.3338611456768,1011899.64046475,-1363.98940940835
2026-06-22 05:44:50,74.3181101606818,20.2081208717437,1016005.17389595,-1374.86427389685
2026-06-22 05:44:51,74.6576531076595,20.0823595345809,1020143.11075799,-1385.60622601483
2026-06-22 05:44:52,74.9939269974729,19.9565984996708,1024313.04031676,-1396.21636801668
2026-06-22 05:44:53,75.3269579052967,19.8308572282158,1028514.59688238,-1406.6958537491
2026-06-22 05:44:54,75.6567717940663,19.7051557814238,1032747.37662886,-1417.04582084822
2026-06-22 05:44:55,75.9833950983219,19.5795131717731,1037010.99287983,-1427.2674335734
2026-06-22 05:44:56,76.30685454427,19.4539477778757,1041305.06271658,-1437.36187062217
2026-06-22 05:44:57,76.6271771159245,19.3284773669294,1045629.20661577,-1447.33032346705
2026-06-22 05:44:58,76.944390029635,19.203119099783,1049983.04868221,-1457.17399522212
2026-06-22 05:44:59,77.2585206020377,19.0778899398436,1054366.20261714,-1466.89409007158
2026-06-22 05:45:00,77.569596650389,18.9528050771863,1058778.32774648,-1476.49184943705
2026-06-22 05:45:01,77.8776458221504,18.8278803173669,1063219.0453238,-1485.96849460822
2026-06-22 05:45:02,78.1826960059303,18.7031305173154,1067687.99392293,-1495.32526307197
2026-06-22 05:45:03,78.4847751998898,18.5785699775475,1072184.81611351,-1504.56339828795
2026-06-22 05:45:04,78.7839114918189,18.4542124647696,1076709.15808317,-1513.68414851204
2026-06-22 05:45:05,79.0801330367063,18.3300712194995,1081260.66979513,-1522.68876583492
2026-06-22 05:45:06,79.3734680361004,18.2061589711395,1085839.00487205,-1531.5785051572
2026-06-22 05:45:07,79.6639446629265,18.0824883184153,1090443.80673236,-1540.35461584001
2026-06-22 05:45:08,79.9515912873894,17.9590702375947,1095074.76502604,-1549.01837153617
2026-06-22 05:45:09,80.2364360823061,17.8359163677714,1099731.53046159,-1557.57102268701
2026-06-22 05:45:10,80.5185072645375,17.7130374944398,1104413.7719383,-1566.01382721697
2026-06-22 05:45:11,80.7978330152372,17.5904439507329,1109121.16199513,-1574.34804177265
2026-06-22 05:45:12,81.07444146356,17.4681456248042,1113853.37695884,-1582.57492103334
2026-06-22 05:45:13,81.3483606738771,17.3461519716617,1118610.09691788,-1590.69571704337
2026-06-22 05:45:14,81.619618605784,17.2244723889968,1123390.99124748,-1598.71167203723
2026-06-22 05:45:15,81.8882432134701,17.1031147668977,1128195.77647135,-1606.62404409155
2026-06-22 05:45:16,82.1542622587934,16.9820876971208,1133024.12935974,-1614.43406683167
2026-06-22 05:45:17,82.4177034229494,16.8613990133125,1137875.74493234,-1622.14297559154
2026-06-22 05:45:18,82.6785942628832,16.7410561684331,1142750.32200737,-1629.75200016497
2026-06-22 05:45:19,82.9369622029286,16.6210662543036,1147647.56281761,-1637.26236419918
2026-06-22 05:45:20,83.1928345245703,16.5014359989913,1152567.17352225,-1644.6752849156
2026-06-22 05:45:21,83.4462383586019,16.3821717882793,1157508.86372731,-1651.99197250927
2026-06-22 05:45:22,83.6972006840367,16.2632800130084,1162472.33224072,-1659.21362457395
2026-06-22 05:45:23,83.9457482938848,16.1447657001228,1167457.32506652,-1666.3414468925
2026-06-22 05:45:24,84.191907824111,16.0266346026552,1172463.54801865,-1673.37662100403
2026-06-22 05:45:25,84.4357057245489,15.908891812562,1177490.72524689,-1680.32032545711
2026-06-22 05:45:26,84.6771682606402,15.7915421302368,1182538.5841332,-1687.17372996651
2026-06-22 05:45:27,84.9163215045088,15.674590060935,1187606.85581354,-1693.93799525086
2026-06-22 05:45:28,85.1531913323396,15.5580398340017,1192695.27470958,-1700.61427265662
2026-06-22 05:45:29,85.3878034512281,15.4418957346884,1197803.56415218,-1707.20369962085
2026-06-22 05:45:30,85.6201832628967,15.3261607943813,1202931.49479083,-1713.70741690366
2026-06-22 05:45:31,85.8503560553232,15.2108387878145,1208078.79657592,-1720.12654193719
2026-06-22 05:45:32,86.0783468703449,15.0959329053551,1213245.21773145,-1726.46218646673
2026-06-22 05:45:33,86.3041805326025,14.9814461070996,1218430.50946066,-1732.71545172955
2026-06-22 05:45:34,86.5278816467396,14.8673811162098,1223634.42657261,-1738.88742851828
2026-06-22 05:45:35,86.7494745927891,14.7537404372846,1228856.72696823,-1744.97919683721
2026-06-22 05:45:36,86.9689835842813,14.6405266788719,1234097.15688357,-1750.9918223114
2026-06-22 05:45:37,87.1864324349098,14.5277412849248,1239355.5103694,-1756.92637039028
2026-06-22 05:45:38,87.4018448975553,14.4153864595236,1244631.53997662,-1762.78388457042
2026-06-22 05:45:39,87.6152444378159,14.3034638890575,1249925.01644015,-1768.56540091719
2026-06-22 05:45:40,87.8266542888026,14.1919750763274,1255235.71345739,-1774.27194424124
2026-06-22 05:45:41,88.0360974501191,14.0809213470996,1260563.40765386,-1779.90452803907
2026-06-22 05:45:42,88.243596685135,13.9703038480031,1265907.87896263,-1785.46415452972
2026-06-22 05:45:43,88.4491745237702,13.8601235661528,1271268.90994548,-1790.95181448797
2026-06-22 05:45:44,88.6528533384582,13.750381618318,1276646.27174677,-1796.36848464206
2026-06-22 05:45:45,88.8546550267506,13.6410780741078,1282039.78246569,-1801.7151384632
2026-06-22 05:45:46,89.0546014862157,13.5322137535588,1287449.21880395,-1806.99272965391
2026-06-22 05:45:47,89.2527142994379,13.4237890289066,1292874.37526777,-1812.20220332336
2026-06-22 05:45:48,89.4490148130885,13.3158041408267,1298315.04885991,-1817.34449305881
2026-06-22 05:45:49,89.6435241369537,13.2082591901475,1303771.03973049,-1822.42052110491
2026-06-22 05:45:50,89.8362631462759,13.1011541581609,1309242.15037513,-1827.43119820808
2026-06-22 05:45:51,90.0272525777169,12.9944891809481,1314728.17160656,-1832.37742170215
2026-06-22 05:45:52,90.2165126418509,12.8882634241344,1320228.94109535,-1837.26008392958
2026-06-22 05:45:53,90.4040636062996,12.7824768001407,1325744.25473441,-1842.08005944331
2026-06-22 05:45:54,90.5899254088205,12.677128822511,1331273.92601656,-1846.83821374824
2026-06-22 05:45:55,90.7741177572073,12.5722189066475,1336817.77071515,-1851.53540109186
2026-06-22 05:45:56,90.9566601268284,12.4677463629486,1342375.60744052,-1856.1724646071
2026-06-22 05:45:57,91.1375717651976,12.363710410396,1347947.25710828,-1860.75023630753
2026-06-22 05:45:58,91.3168716905863,12.2601101736755,1353532.54327657,-1865.26953719801
2026-06-22 05:45:59,91.4945788116167,12.1569449639496,1359131.27695602,-1869.73117579464
2026-06-22 05:46:00,91.6707114653687,12.0542131928169,1364743.31616665,-1874.13595434575
2026-06-22 05:46:01,91.8452881086815,11.9519140065803,1370368.47689481,-1878.48465963732
2026-06-22 05:46:02,92.0183268635366,11.8500462070409,1376006.59206703,-1882.7780692749
2026-06-22 05:46:03,92.1898456307854,11.7486085207873,1381657.49705837,-1887.01695024414
2026-06-22 05:46:04,92.3598620914831,11.6475996027876,1387321.02965128,-1891.20205898822
2026-06-22 05:46:05,92.528393712576,11.5470180475783,1392997.02955511,-1895.33414146414
2026-06-22 05:46:06,92.6954578711851,11.4468626395877,1398685.32419719,-1899.41393220594
2026-06-22 05:46:07,92.8610713473467,11.3471313258537,1404385.78765624,-1903.44215874624
2026-06-22 05:46:08,93.025251094848,11.2478227807165,1410098.25140141,-1907.41953509452
2026-06-22 05:46:09,93.1880137280768,11.1489353584331,1415822.56417112,-1911.34676632991
2026-06-22 05:46:10,93.3493756549316,11.0504673657112,1421558.57657145,-1915.22454752283
2026-06-22 05:46:11,93.5093530764977,10.9524170563271,1427306.14151361,-1919.05356389765
2026-06-22 05:46:12,93.6679619930314,10.8547826434091,1433065.11361296,-1922.83449088291
2026-06-22 05:46:13,93.8252183399422,10.7575625385105,1438835.33497933,-1926.56799356156
2026-06-22 05:46:14,93.9811374341915,10.6607543668911,1444616.69422194,-1930.25472956985
2026-06-22 05:46:15,94.1357348151274,10.5643564666496,1450409.03704689,-1933.89534489451
2026-06-22 05:46:16,94.2890256855014,10.4683668836813,1456212.22628008,-1937.49047694272
2026-06-22 05:46:17,94.4410250561566,10.3727836327245,1462026.12642287,-1941.04075386071
2026-06-22 05:46:18,94.5917477442329,10.2776046925455,1467850.60404282,-1944.5467946611
2026-06-22 05:46:19,94.7412083812595,10.1828280161957,1473685.52723888,-1948.00920933078
2026-06-22 05:46:20,94.889421407034,10.0884515214376,1479530.76632391,-1951.42859894282
2026-06-22 05:46:21,95.0364012312622,9.99447334050823,1485386.17822519,-1954.80555544144
2026-06-22 05:46:22,95.1821616255756,9.90089086854956,1491251.66629615,-1958.1406630556
2026-06-22 05:46:23,95.326716631455,9.80770218583783,1497127.09125878,-1961.4344964053
2026-06-22 05:46:24,95.4700799647055,9.71490511839988,1503012.33006775,-1964.6876219828
2026-06-22 05:46:25,95.6122651615478,9.62249746925427,1508907.26153998,-1967.90059789618
2026-06-22 05:46:26,95.7532855848323,9.53047702276492,1514811.76615229,-1971.07397401019
2026-06-22 05:46:27,95.8931544250194,9.4388415478532,1520725.72590464,-1974.20829201838
2026-06-22 05:46:28,96.0318848603049,9.34758902119761,1526649.00976871,-1977.30408553755
2026-06-22 05:46:29,96.169489421693,9.25671672449323,1532581.5327928,-1980.36188038911
2026-06-22 05:46:30,96.3059809549224,9.16622261332812,1538523.16677011,-1983.38219437944
2026-06-22 05:46:31,96.4413719776044,9.07610439719309,1544473.80029525,-1986.36553765795
2026-06-22 05:46:32,96.5756748490473,8.98635977877916,1550433.32323213,-1989.31241277347
2026-06-22 05:46:33,96.708901766126,8.89698645104454,1556401.62696143,-1992.22331473154
2026-06-22 05:46:34,96.8410647692404,8.80798209927927,1562378.60429486,-1995.09873114788
2026-06-22 05:46:35,96.9721757392891,8.71934439730914,1568364.14978467,-1997.93914232858
2026-06-22 05:46:36,97.1022465762728,8.6310712368288,1574358.14407174,-2000.74502160598
2026-06-22 05:46:37,97.2312885183154,8.54315984609249,1580360.5142138,-2003.5168345394
2026-06-22 05:46:38,97.35931315944,8.45560810472257,1586371.14391403,-2006.25504033548
2026-06-22 05:46:39,97.4863317787199,8.36841367197588,1592389.93302942,-2008.96009110519
2026-06-22 05:46:40,97.6123555055273,8.28157420241849,1598416.78292251,-2011.63243213689
2026-06-22 05:46:41,97.7373953295521,8.19508735307002,1604451.59600154,-2014.27250204846
2026-06-22 05:46:42,97.8614620919856,8.10895077418031,1610494.27640369,-2016.88073283166
2026-06-22 05:46:43,97.9845666750994,8.02316233127809,1616544.71424405,-2019.45755044218
2026-06-22 05:46:44,98.1067192910687,7.93771925858772,1622602.84579367,-2022.00337309083
2026-06-22 05:46:45,98.2279305425912,7.85261942149857,1628668.56393259,-2024.51861397764
2026-06-22 05:46:46,98.3482107227625,7.76786047964158,1634741.77748324,-2027.00367965079
2026-06-22 05:46:47,98.4675699896756,7.68344009197102,1640822.39673114,-2029.45897054212
2026-06-22 05:46:48,98.5860183718848,7.59935592506477,1646910.3328532,-2031.88488103687
2026-06-22 05:46:49,98.7035657679001,7.51560564782773,1653005.49832414,-2034.28179958898
2026-06-22 05:46:50,98.8202219442884,7.43218693015802,1659107.80704279,-2036.65010877789
2026-06-22 05:46:51,98.9359967303171,7.34909765480341,1665217.15864918,-2038.99018608658
2026-06-22 05:46:52,99.050899279601,7.26633510287897,1671333.49886892,-2041.30240138759
2026-06-22 05:46:53,99.164939168389,7.18389716426845,1677456.72999447,-2043.5871208588
2026-06-22 05:46:54,99.2781256720659,7.10178153724037,1683586.77003513,-2045.84470454701
2026-06-22 05:46:55,99.3904679458831,7.01998592571267,1689723.53818035,-2048.0755070827
2026-06-22 05:46:56,99.5019750279414,6.93850804244343,1695866.9545764,-2050.27987775663
2026-06-22 05:46:57,99.6126558359153,6.85734560379868,1702016.94073908,-2052.45816058673
2026-06-22 05:46:58,99.722519366848,6.77649653474344,1708173.40383157,-2054.61069524115
2026-06-22 05:46:59,99.8315739391073,6.69595818304114,1714336.29694963,-2056.73781391067
2026-06-22 05:47:00,99.939828318991,6.6157284872111,1720505.52965233,-2058.83984610629
2026-06-22 05:47:01,100.047290979272,6.53580520316097,1726681.02714951,-2060.91711564637
2026-06-22 05:47:02,100.153970282784,6.45618609576726,1732862.71567058,-2062.96994147566
2026-06-22 05:47:03,100.259874486524,6.37686894088102,1739050.52231676,-2064.99863776064
2026-06-22 05:47:04,100.365011737937,6.29785152030317,1745244.37546454,-2067.00351394126
2026-06-22 05:47:05,100.469390278626,6.2191318199092,1751444.18904308,-2068.98487577513
2026-06-22 05:47:06,100.573017669298,6.14070727070126,1757649.9227481,-2070.94302168164
2026-06-22 05:47:07,100.675901941825,6.06257587621854,1763861.49270801,-2072.87824831754
2026-06-22 05:47:08,100.778050840398,5.98473546606007,1770078.83057074,-2074.79084702935
2026-06-22 05:47:09,100.879472009958,5.90718388011567,1776301.86894415,-2076.68110480974
2026-06-22 05:47:10,100.98017299793,5.82991897039418,1782530.54125288,-2078.54930435777
2026-06-22 05:47:11,101.080161256365,5.75293860054265,1788764.78177864,-2080.3957241617
2026-06-22 05:47:12,101.179444143342,5.6762406459546,1795004.52565322,-2082.2206385668
2026-06-22 05:47:13,101.278029120724,5.59982317556069,1801249.69387687,-2084.02431888525
2026-06-22 05:47:14,101.375922968114,5.52368372638183,1807500.25304217,-2085.80702925798
2026-06-22 05:47:15,101.473132964483,5.44782039235838,1813756.12579449,-2087.56903300908
2026-06-22 05:47:16,101.569666105078,5.37223110022479,1820017.25030877,-2089.31058853646
2026-06-22 05:47:17,101.665529294386,5.29691378612786,1826283.56580246,-2091.03195039655
2026-06-22 05:47:18,101.760729351936,5.22186640145508,1832555.01204843,-2092.73336937839
2026-06-22 05:47:19,101.855273011883,5.14708690949697,1838831.52964993,-2094.41509256905
2026-06-22 05:47:20,101.949167122535,5.07257346139752,1845113.04508131,-2096.07736453634
2026-06-22 05:47:21,102.042417854322,4.99832369808831,1851399.52996387,-2097.72042285573
2026-06-22 05:47:22,102.135031887706,4.9243357951594,1857690.91242814,-2099.34450494217
2026-06-22 05:47:23,102.22701562947,4.85060777103237,1863987.13572718,-2100.9498436342
2026-06-22 05:47:24,102.318375402523,4.77713765344955,1870288.1441462,-2102.53666832305
2026-06-22 05:47:25,102.40911745316,4.7039234857202,1876593.8824619,-2104.10520503685
2026-06-22 05:47:26,102.499247949956,4.63096332386843,1882904.29618087,-2105.65567648826
2026-06-22 05:47:27,102.588772986512,4.5582552380911,1889219.33140661,-2107.188302137
2026-06-22 05:47:28,102.677698779127,4.48579747791635,1895538.92030602,-2108.70329943305
2026-06-22 05:47:29,102.766030868887,4.41358780317034,1901863.03988452,-2110.20087901505
2026-06-22 05:47:30,102.853775326683,4.34162449298318,1908191.62341889,-2111.68125206603
2026-06-22 05:47:31,102.940937950408,4.26990567051052,1914524.61965576,-2113.14462549794
2026-06-22 05:47:32,103.027524466449,4.19842947280338,1920861.97792514,-2114.59120320392
2026-06-22 05:47:33,103.113540531209,4.12719405032168,1927203.64817468,-2116.0211861156
2026-06-22 05:47:34,103.198991731894,4.05619756711826,1933549.58094462,-2117.43477224678
2026-06-22 05:47:35,103.283883792708,3.98543836473307,1939899.71252733,-2118.8321580476
2026-06-22 05:47:36,103.368221755781,3.91491430528638,1946254.02434404,-2120.21353323863
2026-06-22 05:47:37,103.452011210838,3.84462375771584,1952612.4538665,-2121.57908865076
2026-06-22 05:47:38,103.535257479742,3.77456494145807,1958974.95381888,-2122.92901109812
2026-06-22 05:47:39,103.617965816319,3.70473608592225,1965341.47780032,-2124.2634846834
2026-06-22 05:47:40,103.700141414554,3.63513543830764,1971711.97956008,-2125.58269087538
2026-06-22 05:47:41,103.781789402663,3.56576125527602,1978086.41374991,-2126.88680852429
2026-06-22 05:47:42,103.862915054367,3.49661196771207,1984464.72059758,-2128.17601527192
2026-06-22 05:47:43,103.943522966741,3.4276855437512,1990846.88507745,-2129.45048219375
2026-06-22 05:47:44,104.02361828887,3.35898043889412,1997232.84870576,-2130.71038189172
2026-06-22 05:47:45,104.103205911198,3.29049496680877,2003622.5678752,-2131.9558832193
2026-06-22 05:47:46,104.18229066073,3.22222745130423,2010015.99976955,-2133.18715258548
2026-06-22 05:47:47,104.26087730965,3.15417623058531,2016413.10195374,-2134.40435405365
2026-06-22 05:47:48,104.338970572062,3.08633965618948,2022813.83246182,-2135.60764934093
2026-06-22 05:47:49,104.416575107862,3.018716092891,2029218.14979323,-2136.79719788836
2026-06-22 05:47:50,104.493695724738,2.95130407011004,2035625.99839042,-2137.97315824979
2026-06-22 05:47:51,104.570336557887,2.88410167060263,2042037.36716158,-2139.13568257345
2026-06-22 05:47:52,104.646502310571,2.81710745320243,2048452.20119411,-2140.2849250235
2026-06-22 05:47:53,104.722197422913,2.75031983254707,2054870.46102783,-2141.42103619307
2026-06-22 05:47:54,104.797426285009,2.68373723776111,2061292.10748787,-2142.54416457077
2026-06-22 05:47:55,104.872193234554,2.61735811049982,2067717.10186026,-2143.65445655103
2026-06-22 05:47:56,104.946502557765,2.55118090466531,2074145.40590748,-2144.75205647038
2026-06-22 05:47:57,105.020358702717,2.48520423839448,2080576.96691882,-2145.83710811651
2026-06-22 05:47:58,105.093765435542,2.41942628821428,2087011.77718821,-2146.90974890418
2026-06-22 05:47:59,105.166727106049,2.35384569857226,2093449.7847685,-2147.97011866569
2026-06-22 05:48:00,105.239247802616,2.28846097246778,2099890.95319207,-2149.01835383117
2026-06-22 05:48:01,105.311331568096,2.22327062618219,2106335.24630296,-2150.05458894857
2026-06-22 05:48:02,105.38298239993,2.15827318974197,2112782.62819642,-2151.07895670533
2026-06-22 05:48:03,105.45420424579,2.09346720295419,2119233.06360104,-2152.09158792433
2026-06-22 05:48:04,105.525001010786,2.02885121959272,2125686.51744825,-2153.09261164031
2026-06-22 05:48:05,105.595376762045,1.96442394885639,2132142.94056499,-2154.0821565712
2026-06-22 05:48:06,105.665334895979,1.90018367767922,2138602.32797647,-2155.06034524745
2026-06-22 05:48:07,105.734879393206,1.836129140764,2145064.63114142,-2156.02730291304
2026-06-22 05:48:08,105.804013979385,1.7722589376762,2151529.81668275,-2156.98315161357
2026-06-22 05:48:09,105.872742341921,1.70857168215791,2157997.85133599,-2157.92801175336
2026-06-22 05:48:10,105.941068121542,1.64506599739973,2164468.70241834,-2158.86200205105
2026-06-22 05:48:11,106.008994921004,1.58174051948035,2170942.33746397,-2159.7852396315
2026-06-22 05:48:12,106.076526510133,1.51859403644248,2177418.70983011,-2160.69784151458
2026-06-22 05:48:13,106.143665987959,1.45562492252941,2183897.81713305,-2161.5999186193
2026-06-22 05:48:14,106.210417046553,1.39283199133504,2190379.61316752,-2162.49158485513
2026-06-22 05:48:15,106.276783124743,1.33021392196358,2196864.06708288,-2163.37295107575
2026-06-22 05:48:16,106.342767626776,1.26776940826682,2203351.14798504,-2164.2441266602
2026-06-22 05:48:17,106.408373914842,1.20549715213361,2209840.82562204,-2165.10521948304
2026-06-22 05:48:18,106.47360531598,1.14339586869604,2216333.06982769,-2165.95633597951
2026-06-22 05:48:19,106.538465117778,1.08146428229591,2222827.85093107,-2166.79758113589
2026-06-22 05:48:20,106.602956783432,1.01970126667194,2229325.12488049,-2167.62906007484
2026-06-22 05:48:21,106.667083108138,0.958105293429702,2235824.89167037,-2168.45087192524
2026-06-22 05:48:22,106.730847480554,0.896675256715975,2242327.10801324,-2169.26311902911
2026-06-22 05:48:23,106.794253046828,0.835409925752882,2248831.74524522,-2170.0659008711
2026-06-22 05:48:24,106.85730291681,0.774308078752693,2255338.77515863,-2170.8593155993
2026-06-22 05:48:25,106.920000163902,0.71336850353392,2261848.16992585,-2171.64346003726
2026-06-22 05:48:26,106.982347832257,0.65259000119826,2268359.90169041,-2172.41842975529
2026-06-22 05:48:27,107.044349137598,0.591971513582599,2274873.92874405,-2173.18432056605
2026-06-22 05:48:28,107.106006633632,0.531511591455954,2281390.25307988,-2173.94122240321
2026-06-22 05:48:29,107.16732347529,0.471209201027852,2287908.83314605,-2174.68922863211
2026-06-22 05:48:30,107.228302569099,0.411063179503439,2294429.64267981,-2175.4284298185
2026-06-22 05:48:31,107.288946795876,0.351072378458018,2300952.65520453,-2176.15891537755
2026-06-22 05:48:32,107.349259000009,0.291235655732631,2307477.84490052,-2176.88077351252
2026-06-22 05:48:33,107.409241999671,0.23155188279467,2314005.18578746,-2177.59409130135
2026-06-22 05:48:34,107.468898788301,0.172020067641086,2320534.63811764,-2178.29895621384
2026-06-22 05:48:35,107.528231699254,0.112638836197946,2327066.205661,-2178.99544991632
2026-06-22 05:48:36,107.587243670736,0.053407219843381,2333599.84875045,-2179.68365767899
